nomenculatureId;nomenculatureCode;nomenculatureName;consignmentId
28057ec9-0295-4e97-811f-6af4f7af98bf;N-93590;COSMOPOR E - Самоклеящиеся послеоперац повязки 10 х 6см №25;cb23b708-4f6e-4559-9b13-c5f6ce6b6a72
c8d9f388-c81e-465d-aa69-b13b77c7e959;N-93590;COSMOPOR E - Самоклеящиеся послеоперац повязки 10 х 6см №25;ab82d4b3-5051-4cec-8fee-cad45559b620
bb7e1375-eac8-4b6d-9b37-b50b0bd33348;N-93590;COSMOPOR E - Самоклеящиеся послеоперац повязки 10 х 6см №25;66b00773-7066-4c75-8ae4-00051af17039
7347e7f8-358b-4ef5-94e4-96fdcc94f4c6;N-90858;COSMOPOR E - Самоклеящиеся послеоперац повязки 10 х 8см №10;db44ca2d-6ca7-4a49-a600-bee33c610a6b
178d0bb2-7b17-46c8-8c6c-36bd0c3b2fc9;N-90858;COSMOPOR E - Самоклеящиеся послеоперац повязки 10 х 8см №10;7a62b3a7-f58c-416d-a3d8-d589a8632cb1
70d47cac-458e-4178-a619-5a7dd4bcc768;N-90858;COSMOPOR E - Самоклеящиеся послеоперац повязки 10 х 8см №10;84f538ad-ea1e-4557-a2b6-ce2948cca1f8
b3240310-325a-4003-a00e-373e19fe1a26;N-90858;COSMOPOR E - Самоклеящиеся послеоперац повязки 10 х 8см №10;b873e0d3-5436-4d01-bb4d-4412805b2e9f
69064fc8-04a0-487d-afb1-01b0f73bdb95;N-90858;COSMOPOR E - Самоклеящиеся послеоперац повязки 10 х 8см №10;bc88b665-ebb4-408f-9a1a-6f917e278a30
9d962a32-a688-4e43-8f34-7b701f83bb36;9008720;COSMOPOR E - Самоклеящиеся послеоперац повязки 15 х 6см №25;498ab182-7ab7-400b-8c7e-67f7599a6f2f
79242704-9f7e-4d79-98bb-7fcfe5000596;9008720;COSMOPOR E - Самоклеящиеся послеоперац повязки 15 х 6см №25;b7f1a5b5-1497-4975-b9ac-99369df609b0
678669a2-0a05-4a1f-bb61-bfc9164f5325;ms002615;COSMOPOR E - Самоклеящиеся послеоперац повязки 15 х 6см №25;771c2537-a6ce-48a2-bfeb-350ceda9c310
fc77becd-1e0c-45a6-b374-80aa0f29a4ff;ms002615;COSMOPOR E - Самоклеящиеся послеоперац повязки 15 х 6см №25;02f1865f-8727-48ff-89a0-9a75e3586a31
cb0d1db2-4db2-4a9b-b461-55c427795a18;ms002615;COSMOPOR E - Самоклеящиеся послеоперац повязки 15 х 6см №25;966cbe36-d098-4aef-9805-e9c6d84cb333
ba5abeb2-9262-4b57-9447-a285a38cbf5e;ТП-09117;COSMOPOR E - Самоклеящиеся послеоперац повязки 15 х 8см №25;a5fd420c-ea95-4441-bb25-7515f4f336a0
ad61d8f3-262c-4410-883b-60ab065144e0;9008740;COSMOPOR E - Самоклеящиеся послеоперац повязки 15 х 8см №25;a38a97c5-101f-4092-a737-1ac86f74d1c5
24dc7570-f666-4676-afe2-ee1eebe5630c;ТП-09117;COSMOPOR E - Самоклеящиеся послеоперац повязки 15 х 8см №25;7f0069f4-63f5-459b-9742-c68856d57bd8
cd5a385a-09bc-44f0-9440-50cbfabae3f1;N-90857;COSMOPOR E - Самоклеящиеся послеоперац повязки 7,2 х 5см №10;4dfe3dc2-e950-4c87-bbfa-6f3db4a2514b
cca2222a-00b6-45ac-a5c3-e7c40125d3ce;N-90857;COSMOPOR E - Самоклеящиеся послеоперац повязки 7,2 х 5см №10;74e585d7-b013-4ead-afc5-a96b767cb6eb
416d34f9-e76c-44f8-b102-a0b7340e621b;N-92886;COSMOPOR E - Самоклеящиеся послеоперац повязки 7,2 х 5см №5;b7183d1b-c0ae-4cff-a2a7-b7c2ecf681be
68b199cb-b721-47fc-beae-c495a621ad4a;N-92886;COSMOPOR E - Самоклеящиеся послеоперац повязки 7,2 х 5см №5;6220c32c-1de2-4aa8-af1a-8105b1bc0dab
67959c14-67c4-4c10-aa2c-1f6e61791041;ТП-08527;COSMOPOR E - Самоклеящиеся послеоперац повязки 7,2 х 5см №50;e98382d5-eeed-4fb1-a913-fd1ff7e5ca33
64f4956d-4d1f-4554-b5fb-6ad76f89e1a2;N-93532;COSMOPOR E - Самоклеящиеся послеоперац повязки 7,2 х 5см №50;fca019ee-d28f-4261-a02e-7983d3366dd9
6575bb65-c309-41d8-8ebb-ffd05a87556d;N-93532;COSMOPOR E - Самоклеящиеся послеоперац повязки 7,2 х 5см №50;ff5300d7-cae0-4721-8aa9-694e74c26c82
09e95ed5-3151-464d-8d61-2e47236e14e4;5351231;COSMOS Water-resistant - Пластырь водоотталкивающий 2-х разм №20;d429212a-d21b-45e0-9fba-dfb4a73aae23
ede878a7-6dd0-4ddf-85d3-f85f5fc0c56e;5351231;COSMOS Water-resistant - Пластырь водоотталкивающий 2-х разм №20;7d4ac446-81a4-498d-b3fd-48f39849847a
7fc659fd-affb-4af2-98b2-84741e1dea7f;5351231;COSMOS Water-resistant - Пластырь водоотталкивающий 2-х разм №20;c3e0207e-d74f-4c48-92a9-e8d9ce2f0e6c
3823cc1b-07e6-4faf-b5d3-effe3a3af249;5351231;COSMOS Water-resistant - Пластырь водоотталкивающий 2-х разм №20;380e70e6-fd3e-4a3d-9daf-0a269adbd0a4
d6545e8c-7047-4ee0-b5fc-fb21fa9a2c9c;5351331;COSMOS Water-resistant - Пластырь водоотталкивающий 5-и разм №20;82f5dac2-f22b-4c53-acf1-27fa91d7933d
0f26b62d-169d-4028-af77-83ab5e88c4b8;5351331;COSMOS Water-resistant - Пластырь водоотталкивающий 5-и разм №20;b504c082-58fd-41dc-b8f8-a4edb628cef7
c28072f5-a943-4559-9dc4-0a5a88b6ad33;5351331;COSMOS Water-resistant - Пластырь водоотталкивающий 5-и разм №20;3cdf726e-ec17-44c1-9422-b6a3adce74e9
1bb9c670-af15-4e17-86e9-83f0e2b63ba4;5351031;COSMOS Water-resistant - Пластырь водоотталкивающий 6 х 10см №5;84c10f9e-3c2c-4e43-993a-04663ea42ed4
a49992b3-f104-4946-aeb6-055d07f4a615;5351031;COSMOS Water-resistant - Пластырь водоотталкивающий 6 х 10см №5;c9cd9da4-1a7f-447c-b0fc-f48b05e906f2
c19f52b2-c61e-47df-9724-ac70b918779a;N-93665;MOLICARE MOBILE super Трусы д/больных при недержании р-р М №14;409d03ac-f111-425a-9c65-9528c86f2c60
8da1f189-a761-4ef2-9138-d1397af43f12;М-002266;OMNIFIX Гипоаллергенный из неткан. матер. /белый/ 2м х 10см;47a949c0-b439-4317-9dc7-9dcb37200aff
e5bdb370-4416-4513-b924-21a8979a2f7b;М-002266;OMNIFIX Гипоаллергенный из неткан. матер. /белый/ 2м х 10см;a1524f2a-15b3-480a-8c9c-cb86fd8da65c
8212bac3-5824-47b4-b9d6-9cfefa5602d6;М-002266;OMNIFIX Гипоаллергенный из неткан. матер. /белый/ 2м х 10см;38e8944a-2664-4cf9-b283-5a29cef110a2
8ef5b19d-77d8-4215-aeb7-c0e198bd077e;N-208867;OMNIPLAST Пластырь из текстильной ткани еврохолдер /цвет кожи/ 5м х 5см;8242089f-83f9-423e-bdc4-bbba88208b54
f94e538d-448e-4e06-8b52-267fa3b064a7;N-208867;OMNIPLAST Пластырь из текстильной ткани еврохолдер /цвет кожи/ 5м х 5см;a0f5fdb5-afa7-4dd2-841d-d67455784078
39457e1c-9a3f-49ed-ab6f-df944b2768a0;N-208867;OMNIPLAST Пластырь из текстильной ткани еврохолдер /цвет кожи/ 5м х 5см;9c43c7db-f58e-4744-9826-8f431a2dcff0
55c7d040-5b17-4695-809f-0400d4269117;N-208867;OMNIPLAST Пластырь из текстильной ткани еврохолдер /цвет кожи/ 5м х 5см;823bb8ff-1c6d-4dbd-8a9a-a28735729723
98db5ed0-8f9d-43a7-970b-c8a7b424cf6f;N-208867;OMNIPLAST Пластырь из текстильной ткани еврохолдер /цвет кожи/ 5м х 5см;05f37455-207b-4ae0-ad41-815647d191ea
a1a6bea8-32d8-4349-a3fa-338d749be4f4;N-208868;OMNIPOR Гипоаллергенный из нетканого матер. еврохолдер /белый/ 5м х 1,25см;6e31d08a-899a-4753-9957-5906ded8476e
afed4ebd-74e9-4d96-b812-b932a0ca4f7e;N-208868;OMNIPOR Гипоаллергенный из нетканого матер. еврохолдер /белый/ 5м х 1,25см;421886b3-0467-4d38-9caa-840d3567493e
9a6eff7a-b680-4f25-ba14-0ded43340836;N-208869;OMNIPOR Гипоаллергенный из нетканого матер. еврохолдер /белый/ 5м х 2,5см;f2616061-c3d4-4bf2-a401-9f8a76349d1c
5b37ef2b-1753-4ca3-a964-e2c987558a78;N-208254;OMNIPOR Гипоаллергенный из нетканого матер. еврохолдер /белый/ 5м х 5см;be4b3d56-a6ae-49f4-b6bb-aa2b7268cc6d
9681a66b-f006-421b-aa85-a6cb6d864e43;N-208254;OMNIPOR Гипоаллергенный из нетканого матер. еврохолдер /белый/ 5м х 5см;9f9cfbc5-be2b-4be6-a7be-1e5eae5e6461
cee05530-7897-4c84-961f-5f5f339b1031;N-208254;OMNIPOR Гипоаллергенный из нетканого матер. еврохолдер /белый/ 5м х 5см;d0507598-6116-4f85-a3f4-c360bc22292b
75e2e75b-6a17-43d8-acbc-dbf5217d2df4;N-208254;OMNIPOR Гипоаллергенный из нетканого матер. еврохолдер /белый/ 5м х 5см;0f4e1f9a-9ef5-405f-a03d-49e36c51687b
0114a94a-b651-4064-9426-bca5d6e3f244;N-208254;OMNIPOR Гипоаллергенный из нетканого матер. еврохолдер /белый/ 5м х 5см;f95470d4-c642-48b6-b9b5-4ab2864689a0
3dc258eb-6749-4687-a06b-0d4b26318f04;ms001334;PEHA-HAFT:  самофиксирующийся бинт 20м х 8см;2b666fe7-f34b-4f94-8d69-e61c4bbca957
1cf3a60f-8f70-4a16-8d74-027790caaa06;N-005794;PEHA-HAFT:  самофиксирующийся бинт 4м х 6см без латекса белый;d98540f1-1c33-4b11-8067-be6740ac5368
cbbf60c3-c596-46fa-bd92-97e669dd4617;N-90264;PEHA-HAFT:  самофиксирующийся бинт 4м х 6см без латекса красный;a2d6cb61-db4d-4e71-8aa2-dd960be22dad
8e6ee87f-8b3c-42ff-a30e-66cd90f88e15;N-90264;PEHA-HAFT:  самофиксирующийся бинт 4м х 6см без латекса красный;ebe194f5-4a5c-4767-b346-247794246c01
835ef05b-cb0c-411e-a622-dce87a54d956;N-90264;PEHA-HAFT:  самофиксирующийся бинт 4м х 6см без латекса красный;fc8da6e7-7f51-4f62-85f8-0f65d10d150d
0b705932-30e4-4653-9053-24a743eb6f7a;N-88917;PEHA-HAFT:  самофиксирующийся бинт 4м х 8см без латекса белый;6f4c12bc-2a64-487c-816c-323bbd9e51e8
75ca2e78-978a-40ee-bf95-109c80e22e31;N-88917;PEHA-HAFT:  самофиксирующийся бинт 4м х 8см без латекса белый;29bd51ad-3058-4090-baf6-44c31bab5305
80a277a8-d2cb-4dd6-9544-283cd1d5619a;N-90266;PEHA-HAFT:  самофиксирующийся бинт 4м х 8см без латекса красный;d797f525-8a12-4a00-bc70-7877d6ea3642
8526434e-be82-42e9-adf0-32249fa46e35;N-90266;PEHA-HAFT:  самофиксирующийся бинт 4м х 8см без латекса красный;023c969c-2be9-48a7-ba60-2db43164e67b
59be0f70-8b8a-4462-a637-238174516d11;N-90266;PEHA-HAFT:  самофиксирующийся бинт 4м х 8см без латекса красный;cd725ce0-52c2-418d-b53a-f042dbc6b116
c1a3bc78-c63b-43c1-ade5-b5ada91b4ed1;N-90266;PEHA-HAFT:  самофиксирующийся бинт 4м х 8см без латекса красный;5d784d26-4342-4c67-b800-522826fe3868
81d0f0f5-1ff9-4e4d-bf51-cc267e491097;N-90266;PEHA-HAFT:  самофиксирующийся бинт 4м х 8см без латекса красный;7b2e1259-5d2a-4235-9391-c52cb6581390
d62a0776-432e-4ea8-b43d-bcdca305fa64;N-90267;PEHA-HAFT:  самофиксирующийся бинт 4м х 8см без латекса синий;9e50d62f-2143-4fe3-9d13-28b94ad1fa04
611f03c1-7ccf-4250-a372-bc4fdab84015;N-90267;PEHA-HAFT:  самофиксирующийся бинт 4м х 8см без латекса синий;d26110ce-1404-4d2b-bba6-a9f42612eb97
71904ca4-4373-41a6-ab7b-ff8e48aefc4a;N-90267;PEHA-HAFT:  самофиксирующийся бинт 4м х 8см без латекса синий;f068df8b-1092-43da-835d-16ef788a96f7
317b63b0-fdcb-4dec-9ad7-2f5ee131946c;9324256;PEHA-HAFT: самофиксирующийся бинт 4м х 10см без латекса белый;fe2f6630-f52b-466a-a045-d4a38d6599a5
a5e28ad5-a0d9-48c7-8329-32a9cdc40340;9324256;PEHA-HAFT: самофиксирующийся бинт 4м х 10см без латекса белый;830b8c93-1c9e-4c24-9321-bb522d4973da
0d639edc-7245-4f5d-a539-71509c717ab6;N-90268;PEHA-HAFT: самофиксирующийся бинт 4м х 10см без латекса красный;ca44ad1a-7e1c-428a-92f3-64f24aff84cc
ef6984b1-5c25-495c-836f-6fdd72423653;N-90269;PEHA-HAFT: самофиксирующийся бинт 4м х 10см без латекса синий;96fffae0-6710-4360-8cca-f01f4cf1ba33
1df9ab2b-b41b-48a1-b223-31b05f1c7198;N-90269;PEHA-HAFT: самофиксирующийся бинт 4м х 10см без латекса синий;703e35bb-d2df-4b49-9d22-1c90c2202a76
a3836783-0797-427a-96d3-9063391a3d1f;N-90271;PEHA-HAFT: самофиксирующийся бинт 4м х 4см без латекса красный;e870b999-2f12-450e-97d4-f631eb4164c5
e99ff407-247b-4bb0-ba74-eb4411c84de4;N-90271;PEHA-HAFT: самофиксирующийся бинт 4м х 4см без латекса красный;13f80ada-81d3-4fae-9b4c-166a2e5571cf
ee0b0b65-5078-4214-be83-2ca026144fe0;N-90271;PEHA-HAFT: самофиксирующийся бинт 4м х 4см без латекса красный;6ca20fbe-a3fb-4de1-abb3-56aab54e9554
3428afce-29f2-4923-9e75-0da1783e87b4;N-90271;PEHA-HAFT: самофиксирующийся бинт 4м х 4см без латекса красный;75b12637-ce82-436b-82d5-3e07ded614a3
355d4b84-dc06-4a6d-909d-feb856a6193f;N-90272;PEHA-HAFT: самофиксирующийся бинт 4м х 4см без латекса синий;3d00aa47-3390-4ded-bda4-df1e4b6ac627
e365be50-5ee9-4f96-86b4-9e39d6b04593;N-90272;PEHA-HAFT: самофиксирующийся бинт 4м х 4см без латекса синий;41248211-d72c-4f9e-a4d6-ed8aeef8f534
cc13fe9f-f1ef-4ad3-bb31-f96a6064f62a;N-90272;PEHA-HAFT: самофиксирующийся бинт 4м х 4см без латекса синий;b3c4caae-f7c6-48b9-815e-6baf59d07fe9
f8207f13-f85a-4f4f-8658-a68da7614270;N-90272;PEHA-HAFT: самофиксирующийся бинт 4м х 4см без латекса синий;cbede78f-5afc-4588-a5bf-460a701dd34c
6fd39c00-3d5e-4962-aff5-4fdf62e9803b;N-90272;PEHA-HAFT: самофиксирующийся бинт 4м х 4см без латекса синий;c0b4974b-130f-4ab8-a25f-455bd7306036
fdbfc277-3c49-4655-823e-2877e213dd5b;9324219;PEHA-HAFT: самофиксирующийся бинт 4м х 4см белый;76934386-343b-4ebd-9e42-429a66181ad4
4c8f0fb1-a809-4ee3-920c-9182e05b0932;N-87381;Азитромицин капс 500мг №3*;0f75a49e-17b9-43ef-9c18-faa4d3cf6b88
d90b4d76-6550-4be2-9deb-298d5eee98f3;N-87381;Азитромицин капс 500мг №3*;c958e20e-e63e-4725-939f-0e8fa00fdb63
471f45ed-21e0-4334-a5bf-a3987b10cef2;3089;Амоксициллин капс 250мг №16*;c717d113-e16f-4504-bf30-02b77f58e4ee
1ba74596-c712-44fd-a328-470bfad191db;ТП-07746;Амоксициллин Экспресс таб дисперг 500мг №20 *;1862f14a-0c49-41d1-a5fa-61efa68a49dc
f4600467-f4b7-4b4a-bdce-dbaf7bad6e1a;13745;Виагра таб п/п/о 50мг №2;6902b934-c401-4810-a208-c8622a695b6e
c4ec3e7e-9373-49d2-b528-fe9b96fcf366;3382;ГлюкаГен 1мг ГипоКит лиоф д/приг р-ра д/ин 1мг фл №1 + р-ль + шприц*;ca19434a-2300-49d2-84a0-737c1e96035d
2f84b322-5546-45db-871c-e6a5088b3235;pr000004;ГЛЮКОЗА 75г а;5e3ebace-d0af-42e7-adc6-ef885845df7f
c0ab0f05-ea42-42b0-8029-2f542396f1c8;3627;Гонадотропин хорионический лиоф д/приг р-ра д/в/м вв 1000МЕ фл №5 + р-ль *;85dc67c8-511f-4c6a-8e16-9e94783d9863
c235b792-a6d9-43fa-987a-7db8c4ddd7e3;13074;Депакин Хроно таб пролонг д-я п/о 500мг №30 *;012699ee-db20-409f-b5f5-318d84b1d837
313a4bf5-163e-4c1c-b988-b7adea5ce5e9;М-000699;Дипроспан сусп д/ин 2мг+5мг/мл 1мл амп №1;df33b552-70e0-4ae1-bf46-543008b27a39
e1713186-51cb-406c-aa8c-d2759eacdd4d;N-210406;Капецитабин таб п/п/о 500мг №120*;0bcce1e1-7aac-4c61-a3a9-311ec6de6a51
80cbdfe5-7280-4a90-8328-ecd3ba7b6465;5685;Лазолван р-р д/внутр прим и инг 7,5мг/мл фл 100мл*;33ba68bc-618f-43df-8bec-f7c37553f4bc
0ade0436-5c93-45a7-8da6-ea4e3655eab1;ms002020;Лейковорин-ЛЭНС р-р д/в/в в/м введ 5мг/мл 5мл флак №5*;eb0cdce4-6ad5-4d0b-8027-6f360adc83e6
77d3ce80-9439-4963-9ab5-0026cb40e721;pr000011;МЕТИЛЕНОВЫЙ СИНИЙ р-р стер 1% 50мл а;9fd20308-a25d-4b85-8e2a-90d238ad6e32
417d09e6-6431-4129-874d-8bfa132c0671;pr000011;МЕТИЛЕНОВЫЙ СИНИЙ р-р стер 1% 50мл а;fe3efa31-f64f-47a6-b911-4f86bbfd8ccf
28e97539-3192-45a4-b1bd-a438dff5261e;pr000063;НОВОКАИНА Р-Р  2% 100.0 а;1006e999-74bb-4677-a0ce-2c80111a3ab7
a9a39ac9-278c-41cb-8670-3953793ef5f6;ТП-10524;Перчатки смотровые нитрил NitriMAX н/стер н/опудр р M;773b2c81-0f64-46aa-9a58-00a3b94426e0
102e6212-9e3a-4236-9d1e-3275d2fb3b04;N-202677;Пролиа р-р д/п/к вв 60мг/мл №1 шприц с защ устр иглы*;afad0fe1-c2f9-46ab-b2bd-0a98cf80d298
986c9dad-8963-4d9b-af99-b948176b34c6;pr000676;ПРОТАРГОЛА Р-Р  2%  11.0 а;177c278d-02eb-48c4-ab0f-c7dcb7f7ff86
a544495e-2f36-4c80-a8d9-7d3a9b0f5a99;pr000637;ПРОТАРГОЛА Р-Р  2% 200мл а;81c325f5-b124-4de4-8fd8-a2911fde55d9
4ce7eb1a-7926-4e93-81e4-fb2857156290;N-000260;Рибавирин таб 200мг №30*;fc2deaed-702c-452c-ac35-35205697ec78
8d8c9325-b5fb-4cb3-8b2c-b075f3c6d371;N-000260;Рибавирин таб 200мг №30*;cb2ac930-1962-4881-a7d9-2731f3f2d0ea
43db81d8-e3d7-4d0f-9934-036225ce5c7d;ТП-10250;Саксенда р-р д/п/к вв 6мг/мл 3мл картр в шприц-ручка №3;5f0a1394-4444-425f-9fa1-4fee36928491
fe9d8560-f79c-41df-ac89-6fd5acdc2d3f;ТП-10250;Саксенда р-р д/п/к вв 6мг/мл 3мл картр в шприц-ручка №3;efdbe505-6fef-45f1-8204-987eae59e1bc
b9551d3f-dd46-49b4-ba0c-acd6943a31a9;N-211826;"Сталораль ""Аллерген пыльцы березы"" капли подъяз (комплек) 10ИР/мл 10мл N1+300ИР/мл 10мл №2 нач курс";63be1d6d-328f-4f0a-9051-0a615fcc5a2f
1ad78b55-0bdf-4385-8402-312468db73e6;9683;Тамифлю капс 75мг №10*;ad4b28e6-f990-4dd5-8dab-985e161d51cc
9c2f6533-f3bc-408d-828f-59356f348ea6;М-004983;Тамоксифен таб 20мг №30*;f4d53f92-1af3-4155-8c6e-ab0f1bbe3b06
c6b50e4f-3553-4b8b-8e5f-7ff3124431fe;pr000651;ТИМОЛОЛ 0,5% 5мл ЛАНОЛИН 2,5 ВАЗЕЛИН 2,5 а;78da0840-fa94-4bdb-9789-64883ae73964
ebe6e3f7-e350-46ae-860c-243b6e38c698;pr000651;ТИМОЛОЛ 0,5% 5мл ЛАНОЛИН 2,5 ВАЗЕЛИН 2,5 а;ddc6c7ef-18cb-41d3-90d7-9b5d9533073d
9955ca6b-59f9-4066-95b4-f3cb05926d71;N-215674;Турбослим батончик д/похудения Клубничный чизкейк 50г;d4168258-257b-47bb-bd8a-4760ee58f6e5
cb8a235b-2076-471f-8d12-6031802fff51;N-215676;Турбослим батончик д/похудения Цитрусовый микс 50г;28717818-00fd-4246-bd3a-f6b813b139bf
2d3a4601-149c-4de8-8f3d-d60910679c1d;N-215673;Турбослим батончик д/похудения Шоколадный кекс 50г;8caeb8bf-3d76-4493-93a7-61426b903d25
28f1c856-72d5-4971-9014-312eba3da825;ТП-05978;Феназепам таб дисперг в пол рта 0,5мг №50!*;3db5d5d1-3c62-4ba9-b42a-51b52fa8c5c0
1c19868b-0ecb-4ed5-895b-af4e73726762;ТП-05978;Феназепам таб дисперг в пол рта 0,5мг №50!*;184cd960-0b5c-48b1-8e49-6e992a80ac9f
e12030b2-874d-44bd-b9c2-dfbc2a53c675;pr000554;ФУРАЦ. 0.02% 10.0  АДР.0,1%-10к ГЕНТ.80мг ДЕК.а;2c90d41f-6ebb-41b2-886d-5687f3483a86
90de3bfc-544e-4d84-b53c-3a029fcd0722;pr000554;ФУРАЦ. 0.02% 10.0  АДР.0,1%-10к ГЕНТ.80мг ДЕК.а;3f17e31e-c9d6-41d2-a913-7288e4e7d278
6d0626bf-884e-4327-b48f-ef36381f5d71;pr000551;ФУРАЦ. 0.02% 10.0 ДИМ.0.000005 АДР.0,1%-10к.ГЕНТ а;6825fb2c-6e10-4117-a04a-d581514c1fe4